title--qJ7Xg_90,title--qJ7Xg_90 2,title--qJ7Xg_90 3,title--qJ7Xg_90 4,text--eAiSCa_r,priceInt--yqqZMJ5a,priceFloat--XpixvyQ1,priceDesc--jykuwuhx,realSales--XZJiepmt,procity--wlcT2xH9,procity--wlcT2xH9 2,subIconWrapper--Vl8zAdQn,subIconWrapper--Vl8zAdQn 2,shopNameText--DmtlsDKm,title--qJ7Xg_90 5,subIconWrapper--Vl8zAdQn 3,shopTagText--wujObz6g
支持88VIP消费券VITURE ProARxr vr全景vision pro平替支,智能,眼镜,眼镜,MicroOLED,2897,0.03,券后价,本月行业热销,广东,广州,满1500减150,官方立减12%,Viture智能设备旗舰店,,,
【新品上市】Xiaomi小米AI小米骨传导拍摄小米ai超级小爱小米,眼镜,智能,眼镜,,1999,,,4000+人收货,北京,,3期,退货宝,小米官方旗舰店,眼镜,包邮,12年老店
【新品首发丨热卖爆款】雷鸟RayNeo Air 3s Pro口袋电视AR高清观影非vr支持iPhone16,智能,眼镜,眼镜,,1597,0.03,券后价,1000+人收货,广东,东莞,满1500减150,官方立减12%,雷鸟智能眼镜旗舰店,,,回头客1万
【叠加消费券】RokidARLite乐奇ARmax2若琪air3D观影游戏办公三联屏显示直连电脑手机设备,智能,眼镜,,MicroOLED,3097,0.03,券后价,本月行业热销,安徽,滁州,满1500减150,官方立减1000元,rokid乐映专卖店,,淘金币已抵1.97元,
【叠加88消费券】RokidARLite乐奇ARmax2若琪air3d观影游戏手机直连ai非VR支持三联屏全生态应用下载,智能,眼镜,,,3097,0.03,券后价,300+人收货,浙江,杭州,官方立减12%,12期,rokid旗舰店,,淘金币已抵1.97元,回头客1千
【入会下单立减250 赠依视路镜片】PICO 4 Ultra 一体机vr全景vrvr设备一体机vr投屏vr游戏,智能,眼镜,眼镜,高通,4297,0.03,券后价,300+人收货,山东,青岛,满1500减150,官方立减12%,PICO旗舰店,眼镜,,回头客1千
XREAL One   AR  原生3DoF空间悬停  非vr 巨幕影院 自研X1芯片,智能,眼镜,智能,,3297,0.03,券后价,300+人收货,江苏,苏州,满1500减150,官方立减12%,XREAL旗舰店,眼镜,,回头客7千
iTour亲爱的翻译官AR翻译实时翻译同传在线翻译英语AI,眼镜,智能,,ChatGPT,5499,,券后价,本月行业热销,安徽,合肥,包邮,,iTour 亲爱的翻译官企业店,,,回头客3千
【2025新品发售】华为2钛空圆框光学镜飞行员变框蔡司配镜片太阳墨镜通话蓝牙耳机4代二代黑科技,智能,眼镜,,,1279,,补贴价,200+人收货,河南,郑州,热销爆款,满800减80,华为乐之途专卖店,,已补500元,回头客3万
【热卖爆款丨AI】雷鸟V3 AI拍摄无线蓝牙音频无线耳机语音操控镜架款非平光镜,眼镜,眼镜,智能,,1797,0.03,券后价,200+人收货,广东,东莞,满1500减150,官方立减12%,雷鸟智能眼镜旗舰店,眼镜,,回头客1万
华为2 智慧播报颈椎提醒长续航无线蓝牙华为耳机官方正品,智能,眼镜,,5.3,1399,,券后价,200+人收货,广东,东莞,6期,退货宝,华为官方旗舰店,,,回头客100万
【热销】小米米家音频2轻盈长续航多款式可选,智能,眼镜,,,1097,0.03,券后价,200+人收货,北京,,满800减80,3期,小米官方旗舰店,,淘金币已抵1.97元,12年老店
华为2蓝牙华为4代翻译2025新款官方正品,智能,眼镜,智能,5.3,1279,,补贴价,200+人收货,河南,郑州,热销爆款,满800减80,华为舒耀专卖店,眼镜,已补700元,回头客5万
现货新品小米AI彩色电致变色版长续航xiaomi墨镜拍摄,眼镜,智能,眼镜,,1999,,,100+人收货,江西,赣州,3期,包邮,云合数码,,公益宝贝,13年老店
华为2蓝牙华为4代翻译官方原装正品,智能,眼镜,智能,5.3,1279,,补贴价,100+人收货,广东,深圳,热销爆款,满800减80,华为五洲联鑫专卖店,眼镜,已补800元,回头客6万
二手Pico 4Neo3/4先锋版vr一体机vr3dvr游戏视频,眼镜,智能,眼镜,,1158,,券后价,100+人收货,广东,广州,店铺满1000减70,退货宝,塞尔达电玩,眼镜,包邮,8年老店
【新品首发】雷鸟RayNeo Air 3s 口袋电视AR高清观影非vr支持iPhone16,智能,眼镜,眼镜,,1497,0.03,券后价,100+人收货,广东,东莞,热销爆款,满800减80,雷鸟智能眼镜旗舰店,,官方立减12%,回头客1万
iTour亲爱的翻译官AR翻译 实时对话同声多国语言 字幕演讲提词器 英语出国会议在线离线AI翻译,智能,眼镜,眼镜,ChatGPT,4999,,券后价,98人收货,安徽,合肥,满1500减150,包邮,亲爱的翻译官旗舰店,,,
【政府补贴 立减15%】INMO GO2 AR 实时同声翻译机 隐形字幕演讲提词器AI 出国翻译官神器,智能,眼镜,眼镜,,3997,0.03,券后价,95人收货,广东,深圳,满1500减150,官方立减12%,INMO旗舰店,,12期,
二手Pico 4Neo3/4先锋vr一体机256G内存体感VR游戏3D视频,眼镜,智能,,,729,,,93人收货,江苏,无锡,,,神奇宝贝数码,,,
【新品首发丨AI】雷鸟RayNeo V3 Slim AI拍摄无线蓝牙音频无线耳机语音操控镜架款,眼镜,眼镜,智能,,1797,0.03,券后价,92人收货,广东,东莞,热销爆款,满1500减150,雷鸟智能眼镜旗舰店,眼镜,官方立减12%,回头客1万
华为VRGlass 6DoF游戏套装手柄套装AR虚拟现实体感游戏机头戴式3861,智能,眼镜,眼镜,不支持智能,499,,券后价,90人收货,广东,广州,官方立减200元,包邮,苏宁易购官方旗舰店,,,9年老店
【送近视镜片】华为3代飞行员黑科技耳机蓝牙墨镜可配镜片第三代可替换太阳镜翻译蓝牙耳机降噪,智能,眼镜,,,759,,券后价,69人收货,河南,郑州,热销爆款,满500减50,华为乐之途专卖店,,官方立减12%,回头客3万
雷鸟Air 3第三代口袋电视AR高清观影非vrvision pro平替支持iPhone16,智能,眼镜,眼镜,,1647,0.03,券后价,49人收货,广东,东莞,满1500减150,官方立减12%,雷鸟智能眼镜旗舰店,,,回头客1万
【直连华为iPhone】GOOVIS Art开放式高清3D头戴显示器AR连电脑平板游戏机办公航拍头显非VR,眼镜,智能,,MicroOLED,3499,,券后价,47人收货,广东,深圳,官方立减12%,6期,goovis酷睿视旗舰店,,退货宝,7年老店
【新品首发】雷鸟RayNeo X3 Pro 概念AI真无线双目全彩显示光波导AR翻译便携XR,眼镜,眼镜,眼镜,,9147,0.03,券后价,46人收货,广东,东莞,热销爆款,满1500减150,雷鸟智能眼镜旗舰店,眼镜,3期,回头客1万
Xiaomi小米AI小米骨传导拍摄超级小爱小米ai,眼镜,智能,眼镜,,1715,,券后价,46人收货,广东,深圳,退货宝,包邮,金钊通讯,眼镜,,回头客4千
【新品上市】Xiaomi小米AI2025年度新品 超长续航 骨传导高清视频拍摄录制男女同款墨镜,眼镜,智能,眼镜,,1999,,券后价,41人收货,广东,东莞,包邮,,小米壹理专卖店,智能,,回头客5万
雷鸟魔盒 雷鸟AR终端 内容生态 即插即用 手机电脑投屏非VR一体机,眼镜,智能,智能,,701,0.03,券后价,37人收货,广东,东莞,满500减50,官方立减12%,雷鸟智能眼镜旗舰店,眼镜,3期,回头客1万
华为2开放式聆听蓝牙耳机翻译智慧播报4代舒适佩戴,智能,眼镜,,5.3,1214,0.03,券后价,35人收货,上海,,满800减80,淘金币已抵1.97元,天猫超市,,,买过的店
【支持88VIP消费券】VITURE One LiteAR近视调节支持3DoF定屏高清观影游戏大屏XRvision pro平替,智能,眼镜,眼镜,,1317,0.03,券后价,35人收货,广东,广州,热销爆款,满800减80,Viture智能设备旗舰店,,官方立减12%,
【新品首发|热卖爆款】雷鸟RayNeo Air3s ProAR高清观影,智能,眼镜,,MicroOLED,1479,,券后价,32人收货,上海,,30天价保,退货宝,兆为VR,,包邮,
【政府补贴15%】华为三代华为2黑科技蓝牙耳机面对面翻译墨镜华为四代强劲续航,智能,眼镜,智能,,759,,补贴价,32人收货,河南,郑州,热销爆款,满500减50,华为舒耀专卖店,眼镜,已补700元,回头客5万
【国补至高再减700】PICO4Ultra MR混合现实VR游戏机PICO4设备一体机体感Steam非ar  quest3,眼镜,,,高通,4297,0.03,券后价,28人收货,上海,,热销爆款,满1500减150,PICO喜咖专卖店,,官方立减1000元,
【叠加消费券 政府补贴立减15%】Rokidmax乐奇ARair高清3d观影游戏直连手机若琪ai非VR苹果visionpro,智能,眼镜,,,2297,0.03,券后价,26人收货,浙江,杭州,热销爆款,满1500减150,rokid旗舰店,,淘金币已抵1.97元,回头客1千
VITURE Pro魔宝坞Switch游戏优选伴侣创新双人游戏观影适配主流AR至高20h续航支持3D视频播放,眼镜,,,,967,0.03,券后价,25人收货,广东,广州,满800减80,官方立减12%,Viture智能设备旗舰店,,3期,
送近视镜片！华为2蓝牙华为4代翻译,智能,眼镜,智能,5.3,1279,,补贴价,24人收货,广东,深圳,满800减80,已补200元,华为五洲联鑫专卖店,眼镜,退货宝,回头客6万
Pico Neo3VR一体机体感vr游戏3D视频steamVR游戏机VR,眼镜,智能,眼镜,高通,1140,,券后价,24人收货,广东,中山,3期,店铺满1100减10,VR商铺,,包邮,
GOOVIS D4 Lite移动观影主机 超级媒体播放器 头戴显示器控制盒 AR VR XR通用 双typec盒子,智能,眼镜,,,1299,,券后价,24人收货,广东,深圳,满800减80,官方立减400元,goovis酷睿视旗舰店,,6期,7年老店
【2025新品发售】华为2钛空圆框光学镜4代蓝牙耳机配镜,智能,眼镜,,5.3,1279,,券后价,22人收货,河南,郑州,退货宝,包邮,华为乐之途专卖店,,,回头客3万
【新品上市】Xiaomi小米AI 超长续航 骨传导高清视频拍摄录制男女同款墨镜2025年度新品,眼镜,智能,眼镜,,1999,,券后价,21人收货,广东,东莞,包邮,,小米鑫乐华达专卖店,智能,,回头客5千
【入会下单立减250 赠依视路镜片】PICO 4 Ultra 一体机vr全景vrvr设备一体机vr投屏vr游戏,智能,眼镜,眼镜,高通,4297,0.03,券后价,20人收货,山东,青岛,满1500减150,官方立减12%,PICO旗舰店,眼镜,,回头客1千
【蔡司近视定制款】雷鸟V3 AI拍摄 无线蓝牙音频 无线蓝牙耳机语音操控,眼镜,智能,眼镜,,2147,0.03,券后价,20人收货,广东,东莞,热销爆款,满1500减150,雷鸟智能眼镜旗舰店,智能,3期,回头客1万
NOLO Sonic VR游戏一体机私人影院头戴显示器体感4k3d家用可以玩游戏虚拟现实steam设备,眼镜,智能,眼镜,高通,1697,0.03,券后价,19人收货,陕西,西安,满1500减150,官方立减12%,nolo旗舰店,,淘金币已抵1.97元,7年老店
【送折叠键盘＋手柄】RokidARLite乐奇ARmax2若琪air3d观影游戏手机ai非VR支持三联屏全生态应用,智能,眼镜,,,1597,0.03,券后价,18人收货,湖北,武汉,满1500减150,官方立减850元,严选智能设备专营店,,12期,
【新品首发】雷鸟RayNeo Air 3s 口袋电视AR高清观影非vr支持iPhone16,智能,眼镜,眼镜,,1497,0.03,券后价,行业销量前20,广东,东莞,热销爆款,满800减80,雷鸟智能眼镜旗舰店,,官方立减12%,回头客1万
二手原装正品XREAL Air 2 proarxr私人影院vr3D视频,智能,眼镜,眼镜,,470,,,15人收货,江苏,无锡,3期,,西城智能数码,,,
iTour亲爱的翻译官AR翻译实时翻译同传在线翻译英语AI,眼镜,智能,,ChatGPT,5499,,券后价,15人收货,安徽,合肥,包邮,,iTour 亲爱的翻译官企业店,,,回头客3千
国补立减15%！2025新款 华为2免费配镜送镜片,智能,眼镜,,5.3,1279,,补贴价,本月行业热销,河南,郑州,热销爆款,满800减80,华为舒耀专卖店,,已补700元,回头客5万
【晒单返现100元】INMO GO2AR实时同声翻译 演讲提词器AI会议助手出国旅游留学翻译机非亲爱的翻译官,智能,眼镜,,,3997,0.03,券后价,14人收货,湖北,武汉,满1500减150,官方立减1000元,严选智能设备专营店,,12期,
【政府补贴 立减15%】INMO GO2 AR提词器隐形演讲 实时翻译机同声字幕 出国翻译官神器 AI,智能,眼镜,眼镜,,3997,0.03,券后价,14人收货,广东,深圳,热销爆款,满1500减150,INMO旗舰店,,官方立减12%,
【国家补贴立省15%】PICO4Ultra MR一体机3D体感游戏机SteamVR游戏串流4K+非AR头显visionpro,眼镜,智能,眼镜,MicroOLED,4197,0.03,券后价,14人收货,上海,,热销爆款,满1500减150,PICO上海专卖店,,官方立减1000元,
2025新品发售 华为2钛空圆框光学镜飞行员变框蔡司配镜片太阳墨镜,智能,眼镜,,,1279,,补贴价,行业销量前20,河南,郑州,热销爆款,满800减80,华为乐之途专卖店,,已补500元,回头客3万
二手原装正品雷鸟Air 2s/1sARxr高清观影巨幕便携vr,智能,眼镜,眼镜,MicroOLED,389,,,14人收货,江苏,无锡,3期,,西城智能数码,,,
【国家补贴15%】华为2钛空钛金属飞行员变框配镜太阳墨镜通话蓝牙耳机4代智慧播报二代黑科技,智能,眼镜,眼镜,,1279,,券后价,14人收货,河南,郑州,满800减80,官方立减12%,华为乐之途专卖店,,退货宝,回头客3万
【新品】Xiaomi小米AI2025年度新品骨传导高清视频拍摄录制可支付超长续航男女同款墨镜,眼镜,智能,眼镜,,1999,,券后价,12人收货,广东,东莞,包邮,,小米沈辰专卖店,智能,,
二手Pico 4Neo3/4先锋版vr一体机vr3dvr游戏视频,眼镜,智能,眼镜,,1170,,券后价,12人收货,广东,深圳,包邮,,优品电玩,眼镜,,12年老店
新品NOLO N3 vr全景私人av设备私人影院手机专用头戴显示器黑科技3d虚拟现实适配安卓苹果手机,眼镜,智能,智能,不支持智能,287,0.03,券后价,11人收货,陕西,西安,满200减20,官方立减12%,nolo旗舰店,,3期,7年老店
【入会下单立减250 赠依视路镜片】PICO 4 Ultra一体机vr全景vrvr设备一体机vr投屏vr游戏,智能,眼镜,眼镜,LCD,4997,0.03,券后价,11人收货,山东,青岛,满1500减150,官方立减12%,PICO旗舰店,眼镜,淘金币已抵1.97元,回头客1千
【支持88VIP消费券】VITURE OneAR电致变色近视调节观影游戏空间视频 支持3DoF XRvisionpro平替,智能,眼镜,眼镜,MicroOLED,1717,0.03,券后价,11人收货,广东,广州,热销爆款,满1500减150,Viture智能设备旗舰店,,官方立减12%,
【加送便携包+爱奇艺季卡】PICO 4 Ultra MR 混合现实一体机 VR4k高清AI3D串流Steam虚拟现实,眼镜,智能,眼镜,高通,4297,0.03,券后价,9人收货,湖北,武汉,满1500减150,官方立减800元,PICO蚂蚁专卖店,,12期,5年老店
新款PICO4 Pro VR一体机3DVR游戏机4K高清电影pico ultra,智能,眼镜,,高通,2799,,券后价,9人收货,广东,深圳,店铺满2000减80,包邮,源创想数码科技,,,10年老店
【入会下单立减250 赠依视路镜片】PICO 4 Ultra 一体机vr全景vrvr设备一体机vr投屏vr游戏,智能,眼镜,眼镜,高通,4697,0.03,券后价,9人收货,山东,青岛,热销爆款,满1500减150,PICO旗舰店,眼镜,官方立减12%,回头客1千
【国补立减15% 叠加88vip消费券】RokidARLite乐奇AR若琪air观影3D翻译ai直连手机非VRvisionpro,智能,眼镜,眼镜,高通,1370,0.88,券后价,8人收货,浙江,杭州,官方立减12%,12期,rokid旗舰店,,淘金币已抵1.97元,回头客1千
雷鸟V3 AI拍摄语音控制蓝牙耳机拍照录视频Vlog,眼镜,智能,眼镜,,1659,0.58,券后价,8人收货,上海,,热销爆款,满1500减150,天猫超市,眼镜,,买过的店
雷鸟V3充电盒款AI拍摄无线蓝牙音频耳机语音操控镜架款,智能,眼镜,,,1663,0.03,券后价,8人收货,湖南,长沙,3期,淘金币已抵1.97元,租天下数码,,包邮,17年老店
GOOVIS G3X超清3D头显 非VR/AROLED头戴显示器沉浸/开放两用观影办公视频,眼镜,智能,眼镜,,3839,,券后价,8人收货,广东,深圳,满1500减150,官方立减660元,goovis酷睿视旗舰店,,6期,7年老店
雷鸟Air3s口袋电视AR高清观影vr支持iPhone16,智能,眼镜,眼镜,MicroOLED,1379,,券后价,7人收货,北京,,退货宝,包邮,兆为VR,,,
小鸟看看Pico4四代VR一体机neo3全景游戏虚拟现实头盔3D,智能,眼镜,,高通,1599,,,7人收货,湖南,湘潭,3期,退货宝,彩蚕科技,,包邮,17年老店
【晒单返现100元】INMO GO2 AR提词器隐形演讲 多国语言实时翻译同声字幕 出国翻译神器 AI,智能,眼镜,眼镜,,3997,0.03,券后价,7人收货,湖北,武汉,满1500减150,官方立减1400元,严选智能设备专营店,,6期,
GOOVIS HDMI转Type-C转接器HC3.1适用于ARXR头显设备雷鸟/魅族StarV/Rokid/XREAL,智能,眼镜,,,278,0.03,券后价,7人收货,广东,深圳,官方立减12%,淘金币已抵1.97元,积善嘉品智能设备专营店,,退货宝,
【官方正品授权】GOOVIS Art高清3D头戴显示器非VR/AR可适配电脑掌机手机平板观影游戏航拍办公,智能,眼镜,,MicroOLED,3497,0.03,券后价,7人收货,广东,深圳,24期,淘金币已抵1.97元,积善嘉品智能设备专营店,,退货宝,
【加送便携包＋爱奇艺季卡】PICO 4 Ultra MR 混合现实一体机VR4k高清AI3D串流Steam虚拟现实,眼镜,智能,眼镜,,4297,0.03,券后价,7人收货,湖北,武汉,满1500减150,官方立减800元,严选智能设备专营店,,淘金币已抵1.97元,
[新品上市]xiaomi小米AI拍摄无线骨传导语音通话glasses,眼镜,智能,,,1898,,,7人收货,广东,深圳,包邮,,XR智能易光,,,
ROKID AR liteAR空间计Max2+station2 Rokid max,智能,眼镜,智能,苹果,1399,,,6人收货,北京,,包邮,,WASSUP 官店,眼镜,,
GOOVIS G3 Max头戴3D巨幕显示器 非vr/ar头戴影院5K级高清视频IMAX级观影头显近视可调,眼镜,智能,眼镜,,6829,,券后价,6人收货,广东,深圳,满1500减150,官方立减1170元,goovis酷睿视旗舰店,,6期,7年老店
pico4 pro vr一体机4k体感VR设备512g高配,智能,,,,2839,,券后价,6人收货,北京,,包邮,,VR设备馆,,,
【官方正品授权】GOOVIS D4 Lite移动观影主机超级媒体播放器头戴显示器控制盒ARVRXR通用双typec,智能,眼镜,,,1297,0.03,券后价,6人收货,广东,深圳,满800减80,官方立减12%,积善嘉品智能设备专营店,,24期,
小米AI无线骨传导拍摄蓝牙语言通话拍照翻译长续航,眼镜,智能,眼镜,,2169,0.01,券后价,6人收货,广东,广州,店铺满11减10,包邮,小米之家智能正品店,,,
【热卖爆款】雷鸟V3 AI拍摄无线蓝牙音频,眼镜,智能,智能,MicroOLED,1349,0.1,券后价,6人收货,北京,,退货宝,包邮,兆为VR,眼镜,,
雷鸟V3新品 AI拍摄 第一视角无线蓝牙音频 无线耳机语音操控镜架款 非平光镜非VRAR,眼镜,智能,眼镜,高通,1750,0.91,券后价,6人收货,浙江,杭州,满1500减150,官方立减12%,天天特卖工厂,智能,淘金币已抵1.97元,买过的店
【手游神器】VITURE x 8BitDo联名猎户座可拉伸游戏手柄 AR安卓手游专属适配游戏原神绝区零鸣潮星穹铁道,眼镜,,,,497,0.03,券后价,5人收货,广东,广州,满200减20,官方立减12%,Viture智能设备旗舰店,,淘金币已抵1.97元,
Xiaomi小米AI小米骨传导拍摄超级小爱小米ai,眼镜,智能,眼镜,,1705,,券后价,5人收货,广东,深圳,退货宝,包邮,金怡数码科技,眼镜,,
【爆款】雷鸟air3 ar100英寸巨幕观影黑科技便携口袋电视,智能,眼镜,,不支持智能,1349,,券后价,5人收货,上海,,30天价保,退货宝,兆为VR,,包邮,
出租Rokid AR Lite若琪AR max2 高清巨幕游戏翻译一体机,智能,眼镜,,,38,0.7,券后价,5人收货,浙江,杭州,官方立减12%,淘金币已抵0.9元,闪速租赁企业店,,包邮,
Pico4/piconeo3 全新VR二手pico VR一体机3DVR视频,眼镜,智能,眼镜,LCD,999,,,5人收货,重庆,,3期,退货宝,EasinVR数码,,包邮,
雷鸟V3SlimAI拍摄无线蓝牙音频镜架款,眼镜,智能,眼镜,MicroOLED,1579,,券后价,5人收货,北京,,退货宝,包邮,兆为VR,眼镜,,
二手Pico 4Neo3/4先锋版vr一体机vr3dvr游戏视频,眼镜,智能,眼镜,,699,,,5人收货,江苏,无锡,3期,包邮,西城智能数码,眼镜,,
二手Pico 4 畅玩版256G VR一体机4K体感游戏机3D虚拟现实,眼镜,智能,,,1910,,,5人收货,江苏,无锡,,,神奇宝贝数码,,,
华为三代飞行员墨镜可更换镜框华为耳机蓝牙耳机开放式,智能,眼镜,,,599,,券后价,5人收货,河南,郑州,官方立减12%,包邮,极锐数码,,,回头客7千
华为2钛空4代耳机蓝牙华为蓝牙二代四代配防蓝光镜片,智能,眼镜,眼镜,5.3,1279,,补贴价,本月行业热销,广东,深圳,热销爆款,满800减80,华为五洲联鑫专卖店,,已补800元,回头客6万
【蔡司近视定制款】雷鸟RayNeo V3 Slim AI拍摄无线蓝牙音频无线耳机语音操控镜架款,眼镜,智能,眼镜,,2147,0.03,券后价,4人收货,广东,广州,3期,淘金币已抵1.97元,雷鸟智能眼镜旗舰店,眼镜,退货宝,回头客1万
雷鸟Air3ar非VR便携手机投屏观影显示设备雷鸟air 2S,智能,眼镜,眼镜,,569,,券后价,4人收货,广东,深圳,店铺满400减30,包邮,幻视VR,,,
独立安卓系统 AR翻译,智能,眼镜,,ChatGPT,4999,,券后价,本月行业热销,安徽,合肥,满1500减150,包邮,亲爱的翻译官旗舰店,,,
【串流神器 重磅新品】VITUREPro颈环AR空间计算终端海量应用私人影院 支持手势识别 多屏模式ar搭档,智能,眼镜,,,2097,0.03,券后价,4人收货,广东,广州,满1500减150,官方立减12%,Viture智能设备旗舰店,,淘金币已抵1.97元,
雷鸟Air 2冠军版AR高清观影便携屏120Hz高刷掌机巨幕非vrvision pro平替,智能,眼镜,眼镜,,1397,0.03,券后价,4人收货,广东,东莞,满800减80,官方立减12%,雷鸟智能眼镜旗舰店,,3期,回头客1万
XREAL Air2 Ultra全适配3DoF,智能,眼镜,,,3999,,,3人收货,北京,,包邮,,XREAL企业店,,,
【旗舰新品】雷鸟RayNeo X3 Pro 概念AI真无线双目全彩显示光波导AR翻译便携XR,眼镜,眼镜,眼镜,,9147,0.03,券后价,行业销量前20,广东,东莞,热销爆款,满1500减150,雷鸟智能眼镜旗舰店,眼镜,3期,回头客1万
【新品首发丨热卖爆款】雷鸟RayNeo Air 3s Pro口袋电视AR高清观影非vr支持iPhone16,智能,眼镜,眼镜,,1447,0.03,券后价,3人收货,上海,,满800减80,官方立减400元,严选智能设备专营店,,淘金币已抵1.97元,
雷鸟RayNeo Air 3s Pro AR观影百英寸巨幕影院3D游戏XR非VR一体机便携显示器 支持Switch2 1953,眼镜,智能,眼镜,MicroOLED,1743,0.44,券后价,3人收货,江苏,南京,淘金币已抵1.97元,包邮,苏宁易购官方旗舰店,,,9年老店
华为3代飞行员耳机蓝牙墨镜可配镜片第三代可替换前框,智能,眼镜,,,759,,券后价,本月行业热销,河南,郑州,热销爆款,满500减50,华为乐之途专卖店,,官方立减12%,回头客3万
【官方正品授权】GOOVIS G3 Max头戴3D巨幕显示器非VR/AR头戴影院高清视频IMAX级观影头显,智能,眼镜,,MicroOLED,6827,0.03,券后价,3人收货,广东,深圳,满1500减150,官方立减12%,积善嘉品智能设备专营店,,24期,
华为2蓝牙耳机通话华为4代华为配镜镜框,智能,眼镜,智能,,1018,,券后价,3人收货,浙江,杭州,官方立减12%,包邮,极锐数码,眼镜,,回头客7千
VITURE适用华为ai实时翻译同声传译蓝牙通话隐蔽听歌,智能,眼镜,智能,,955,0.7,,2人收货,广东,深圳,退货宝,包邮,VITURE旗官,,公益宝贝,
VITURE带摄像头适用于华为苹果小米蓝牙连接可拍摄录制听,智能,眼镜,,,1145,0.7,,2人收货,北京,,退货宝,包邮,VITURE旗官,,公益宝贝,
PICO 4 Ultra MR混合现实一体机VR游戏串流虚拟现实空间,眼镜,智能,,LCD,2849,,,2人收货,安徽,合肥,退货宝,包邮,灯尼屋,,,
雷鸟V3AI拍摄防抖无线蓝牙音频语音控制无线耳机录音翻译,智能,眼镜,,,1559,,券后价,2人收货,山东,济南,店铺满11减10,包邮,陆克眼镜,,,
INMO GO2AR实时同声翻译离线翻译演讲提词器AI会议助手出国旅游留学上课翻译机神器,智能,眼镜,,,5997,0.03,券后价,2人收货,上海,,淘金币已抵1.97元,退货宝,尚限影音旗舰店,,包邮,
XREAL蓝牙黑科技打电话无线耳机配近视男女款防蓝光多功,智能,眼镜,,,389,0.12,,2人收货,浙江,温州,退货宝,包邮,XREAL销售店铺,,公益宝贝,
XREAL墨镜蓝牙一体机耳机行车记录仪录拍照视频近视镜片,智能,眼镜,,,636,0.5,,2人收货,广东,广州,退货宝,包邮,XREAL销售店铺,,公益宝贝,
XREAL带摄像头适用于华为苹果小米WiFi连接可拍摄录制听,智能,眼镜,,,691,0.6,,2人收货,广东,深圳,退货宝,包邮,XREAL销售店铺,,公益宝贝,
XREAL2025新款AI拍摄 500万高清+WIFI互联防抖Vlog 390长,智能,眼镜,,,449,0.82,,2人收货,福建,厦门,退货宝,包邮,XREAL销售店铺,,公益宝贝,
Huawei/华为  2,智能,眼镜,,5.3,1169,,,1人收货,北京,,包邮,,博锐数码,,,
Rokid乐奇AR翻译 实时对话同声多国语言 字幕演讲提,智能,眼镜,眼镜,ChatGPT,13136,0.6,,1人收货,安徽,合肥,退货宝,包邮,Rokidmax旗官,,公益宝贝,
NOLOSonicVR游戏一体机私人影院头戴显示器体感4k3d,眼镜,智能,,,1897,0.03,券后价,1人收货,广东,深圳,淘金币已抵1.97元,退货宝,水子臻选,,包邮,
XREAL带摄像头适用于华为苹果小米蓝牙连接可拍摄录制听,智能,眼镜,,,1145,0.7,,1人收货,广东,深圳,退货宝,包邮,XREAL销售店铺,,公益宝贝,
Pico 4 Ultra MR混合现实一体机VR游戏串流虚拟现实空间,眼镜,智能,,,4698,,,0人收货,广东,深圳,包邮,,硅谷尚品科技馆,,,6年老店
Rokid ARLiteARMax2便携非VR高清轻办公游戏观影空间投屏,智能,眼镜,,,4016,0.4,,0人收货,广东,梅州,包邮,,维环迈工厂店,,,
Rokid乐奇V3AI拍摄无线蓝牙音频无线耳机语,眼镜,智能,眼镜,,922,0.26,,0人收货,北京,,退货宝,包邮,Rokidmax旗官,智能,公益宝贝,
Rokid乐奇AI拍摄AM01无线2025年新款蓝牙通话音乐户外运,智能,眼镜,,,2876,0.6,,0人收货,广东,深圳,退货宝,包邮,Rokidmax旗官,,公益宝贝,
Rokid乐奇【热卖爆款】AI拍摄无线蓝牙音频眼,眼镜,智能,智能,MicroOLED,6676,0.6,,0人收货,上海,,退货宝,包邮,Rokidmax旗官,,公益宝贝,
二手华为VRGlass 6DoF 手机电脑游戏套装一体机,眼镜,智能,眼镜,,409,,,0人收货,广东,佛山,包邮,,枫知数码小店,,,
二手华为（HUAWEI）Vision GlassAR头显3D全景体感游戏机,智能,眼镜,,,1499,,,0人收货,广东,佛山,包邮,,枫知数码小店,,,
雷鸟RayNeo Air 3s Pro柯南联名款AR 高清巨幕观影,智能,眼镜,眼镜,,1547,0.03,券后价,0人收货,辽宁,沈阳,淘金币已抵1.97元,包邮,回到未来VR,,,
热销Neo3  一体机vrvr体感游戏机3D游戏设备国行全新其他,眼镜,智能,,,3402,0.42,,0人收货,北京,,退货宝,包邮,镐静定制馆,,,
Rokid乐奇V3新品AI拍摄无线蓝牙音频xr语音,眼镜,智能,眼镜,,2722,0.7,,0人收货,广东,中山,退货宝,包邮,Rokidmax旗官,眼镜,公益宝贝,
二手Pico Neo3至尊版vr一体机vr3dvr游戏视频,眼镜,智能,眼镜,LCD,1248,,,0人收货,安徽,合肥,退货宝,包邮,众山小智能设备店,眼镜,,
PICO4Ultra 混合现实VR游戏机PICO4设备一体机体感,眼镜,,,LCD,2899,,,0人收货,安徽,合肥,退货宝,包邮,众山小智能设备店,,,
Xiaomi小米AI小米骨传导拍摄超级小爱小米ai,眼镜,智能,眼镜,,1738,,券后价,0人收货,北京,,退货宝,包邮,金盈数码商城,眼镜,,
Rokid乐奇第一人称AI拍照带200W像头视频自动变色通话音,智能,眼镜,,,569,0.81,,0人收货,浙江,杭州,退货宝,包邮,乐奇旗官,,公益宝贝,
Rokid乐奇墨镜蓝牙一体机耳机行车记录仪录拍照视频近视,智能,眼镜,,,627,,,0人收货,浙江,杭州,退货宝,包邮,乐奇旗官,,公益宝贝,
Rokid乐奇StarV View高清观影便携屏aivr私人影,智能,眼镜,眼镜,,6268,0.1,,0人收货,浙江,杭州,退货宝,包邮,乐奇旗官,眼镜,公益宝贝,
小米AI蓝牙AI拍照翻译听歌多功能拍照正品,眼镜,智能,眼镜,,1930,,券后价,0人收货,山东,济南,包邮,,云像数科,眼镜,,
XREAL One 全新AR ar3DoF悬停 非翻译,智能,眼镜,眼镜,,3840,,,0人收货,广东,深圳,包邮,,恒远科技百货店,眼镜,,
XREAL One 全新AR ar3DoF悬停 非翻译,智能,眼镜,眼镜,,3840,,,0人收货,广东,深圳,包邮,,恒远商贸百货店3,眼镜,,
二手Pico 4Neo3/4先锋版vr一体机vr3dvr游戏视频,眼镜,智能,眼镜,,1158,,券后价,本月行业热销,广东,广州,3期,店铺满1000减70,塞尔达电玩,眼镜,退货宝,8年老店
VITUREARmax2若琪ai,智能,眼镜,,,7512,0.6,,1人收货,浙江,杭州,退货宝,包邮,VITURE旗官,,公益宝贝,
【点击详情页预约锁定名额】RokidGlasses乐奇AI语音拍照带镜头导航实时翻译提词灵伴科技若琪,智能,眼镜,,MicroOLED,791998,0.03,券后价,0人收货,安徽,滁州,官方立减12%,淘金币已抵1.97元,rokid乐映专卖店,,退货宝,
直连华为iPhoneGOOVIS Art开放式高清3D头戴显示器AR连电脑平,眼镜,智能,,MicroOLED,3499,,券后价,本月行业热销,广东,深圳,官方立减12%,6期,goovis酷睿视旗舰店,,退货宝,7年老店
iTour亲爱的翻译官AR 实时对话同声AI翻译英语在线离线,智能,眼镜,,ChatGPT,6967,,,0人收货,北京,,包邮,,夏栢夏栢,,,
可编程,智能,眼镜,,,12000,,,0人收货,北京,,包邮,,源起科技,,,
甄选HUAWEI Vision Glass 观影 120英寸虚拟巨幕 低蓝光,智能,眼镜,,黑色,5433,0.6,,0人收货,浙江,杭州,退货宝,包邮,聚鑫五金堂,,,
雷鸟Air 3第三代口袋电视AR高清观影非vrvision pro平替,智能,眼镜,眼镜,,1647,0.03,券后价,本月行业热销,广东,东莞,满1500减150,官方立减12%,雷鸟智能眼镜旗舰店,,,回头客1万
甄选XREAL Air 2 Pro AR电致变色翻译无人机空间,智能,眼镜,眼镜,,4024,0.2,,0人收货,北京,,包邮,,骏泰工厂,眼镜,,
XREAL One全新AR原生3DoF空间悬停非vr巨幕影院自研,智能,眼镜,眼镜,,3897,0.03,券后价,0人收货,广东,深圳,淘金币已抵1.97元,退货宝,水子臻选,,包邮,
华为太阳GM联名款二代时尚蓝牙墨镜耳机,智能,眼镜,眼镜,,118,,,0人收货,北京,,3期,包邮,燎原智创数码,,,
雷鸟V3小款Slim充电盒款AI拍摄无线蓝牙音频耳机语音操控,智能,眼镜,,,1775,0.03,券后价,0人收货,湖南,长沙,3期,淘金币已抵1.97元,租天下数码,,包邮,17年老店
雷鸟 V3AI拍摄无线黑科技户外拍照一体新品,眼镜,智能,眼镜,阿里智能,1487,0.03,券后价,0人收货,山东,济南,淘金币已抵1.97元,包邮,济南茂昌眼镜店,智能,,8年老店
【新品发售】ROKID Station2乐奇AR空间计算终端,智能,眼镜,眼镜,,1499,,券后价,0人收货,北京,,3期,退货宝,兆为VR,智能,包邮,
二手 xreal air2 proar 电致变色 空间计算终端 3dof悬停,智能,眼镜,,,1388,,券后价,0人收货,北京,,包邮,,智能AR眼镜店,,,
iTour亲爱的翻译官AR翻译实时翻译同传在线翻译出国翻译,眼镜,智能,,,9490,0.34,券后价,0人收货,广东,韶关,店铺满2000减200,退货宝,tb862239038922,,包邮,
热销XREAL Air 2 ProAR电致变色翻译功能AR 非vr,智能,眼镜,眼镜,,3908,0.04,,0人收货,上海,,退货宝,包邮,汐粒五金,眼镜,,
Huawei/华为2蓝牙耳机通话智慧播报听音乐手势操控开放式,智能,眼镜,,5.3,1599,,,0人收货,河南,郑州,退货宝,包邮,嘉梁数码正品国行,,,
Rokid乐奇3DAR头戴式显示器安卓苹果电脑真人吃鸡游戏机,智能,眼镜,,,5726,0.6,,0人收货,广东,深圳,退货宝,包邮,Rokidmax旗官,,公益宝贝,
XREAL适用华为ai实时翻译同声传译蓝牙通话隐蔽听歌,智能,眼镜,智能,,955,0.7,,0人收货,广东,深圳,退货宝,包邮,XREAL销售店铺,,公益宝贝,
二手Pico 4 Ultra 256G VR一体机4K体感游戏机3D虚拟现实,眼镜,智能,,,2058,,,0人收货,四川,成都,退货宝,包邮,雏鸟3C数码,,,
XREAL适用实时翻译耳机华为小米苹果通用听歌接电功能,智能,眼镜,,,1335,0.7,,0人收货,北京,,退货宝,包邮,XREAL销售店铺,,公益宝贝,
XREAL时尚2024新款防眩光高清黑科技电子蓝牙通话语音助,智能,眼镜,,,632,0.7,,0人收货,广东,东莞,退货宝,包邮,XREAL销售店铺,,公益宝贝,
XREALARStarV View高清观,智能,眼镜,,,6277,0.6,,0人收货,北京,,退货宝,包邮,XREAL销售店铺,,公益宝贝,
雷鸟蓝牙磁吸套镜近视墨镜驾驶镜日夜两用可定制度数,眼镜,,,,632,0.7,,0人收货,浙江,温州,退货宝,包邮,雷鸟旗官,,公益宝贝,
雷鸟第一人称AI拍照带200W像头视频自动变色通话音乐运动,智能,眼镜,,,579,0.31,,0人收货,北京,,退货宝,包邮,雷鸟旗官,,公益宝贝,
雷鸟时尚2024新款防眩光高清黑科技电子蓝牙通话语音助手,智能,眼镜,,,632,0.7,,0人收货,广东,东莞,退货宝,包邮,雷鸟旗官,,公益宝贝,
雷鸟ai演讲提词器实时翻译字幕会议助手神器MYVU蓝牙耳机,智能,眼镜,,,5036,0.9,,0人收货,安徽,滁州,退货宝,包邮,雷鸟旗官,,公益宝贝,
雷鸟AI拍摄无线蓝,眼镜,智能,眼镜,,6266,0.2,,0人收货,广东,东莞,退货宝,包邮,雷鸟旗官,,公益宝贝,
雷鸟StarV View高清观影便携屏aivr私人影院visi,智能,眼镜,眼镜,,6277,0.6,,0人收货,北京,,退货宝,包邮,雷鸟旗官,眼镜,公益宝贝,
雷鸟air3S配镜 口袋电视AR原装正品专用近视远视散光镜片定制,眼镜,,,不支持智能,200,,券后价,0人收货,北京,,退货宝,包邮,兆为VR,,,
XREAL One高清AR巨幕原生3dof 悬停自研X1空间计算便携式电视,眼镜,,,,3599,,,0人收货,江苏,无锡,包邮,,幻客VR智能,,,
【双11超级新品】雷鸟Ar 3 第三代口袋电视 AR 高清观e影,智能,眼镜,,,7977,0.9,,0人收货,广东,东莞,包邮,,tb3121544341457,,,
【撩客服下单】XREAL One AR 博士 高端定制近视镜片专属定制 【不支持7天无理由退货】,眼镜,眼镜,,,297,0.03,券后价,94人收货,广东,深圳,淘金币已抵1.97元,退货宝,XREAL旗舰店,,包邮,回头客7千
XREAL Beam Pro AR空间计算终端 适配Air系列空间计算 真3D空间视频拍摄3DoF空间大屏,眼镜,,,,1297,0.03,券后价,32人收货,江苏,苏州,热销爆款,满800减80,XREAL旗舰店,,官方立减12%,回头客7千
【定制商品不退货】INMO AR专属近视配镜服务 镜片定制配镜 默认下单不配镜 请先联系确认,眼镜,,,不支持智能,497,0.03,券后价,18人收货,广东,深圳,3期,淘金币已抵1.97元,INMO旗舰店,,退货宝,
Xiaomi小米AI小米骨传导拍摄小米首款ai设备,眼镜,智能,眼镜,,1859,,,200+人收货,广东,东莞,退货宝,包邮,米华通讯商城企业店,眼镜,,
Xiaomi小米AI小米骨传导拍摄小米首款ai设备,眼镜,智能,眼镜,,1999,,,51人收货,广东,东莞,包邮,,萌趣贴贴屋,眼镜,,
【咨询优惠】 2配镜服务防蓝光变色镜片支持加工定制,智能,眼镜,,树脂,79,,,30人收货,广东,深圳,3期,包邮,华为五洲联鑫专卖店,,,回头客6万
小米AI经典D型镜框设计变色镜片视频录制立体声ai,眼镜,智能,眼镜,无线蓝牙耳机,1999,,,25人收货,上海,,包邮,,小贝智能生活,,,回头客4千
Xiaomi小米ai小米骨传导拍摄小米ai设备首款,眼镜,智能,眼镜,,1888,,,22人收货,上海,,包邮,,君川数码商城,眼镜,,
小米米家音频悦享版触控通话耳机无线办公近视配镜降噪,智能,眼镜,,无线蓝牙耳机,428,,,14人收货,上海,,包邮,公益宝贝,小贝智能生活,,,回头客4千
小米米家MIJIA音频悦享版蓝牙防漏音降噪长续航,智能,眼镜,智能,是否近视两用,449,,券后价,13人收货,广东,深圳,店铺满5减3,包邮,小米电器正品直销,眼镜,,
【政府补贴15%】华为2蓝牙耳机蓝牙4代墨镜夹片,智能,眼镜,智能,智能耳机,1279,,补贴价,13人收货,河南,郑州,热销爆款,满800减80,华为舒耀专卖店,眼镜,已补700元,回头客5万
小米米家MIJIA音频悦享版多功能通话听歌蓝牙近视镜长续,智能,眼镜,,,188,,,8人收货,江苏,苏州,3期,退货宝,智能家居上海店,,包邮,回头客2千
Pico Neo3VR一体机体感vr游戏3D视频steamVR游戏机VR,眼镜,智能,眼镜,高通,1140,,券后价,本月行业热销,广东,中山,店铺满1100减10,包邮,VR商铺,,,
Rokid乐奇2000W新款AI录象通话音乐拍照翻译识物录音相机,智能,眼镜,,,560,0.31,,0人收货,广东,深圳,退货宝,包邮,Rokidmax旗官,,公益宝贝,
【补贴20%】华为第三代飞行员黑科技耳机蓝牙开放式,智能,眼镜,眼镜,,579,,,1人收货,河南,郑州,3期,退货宝,麒麟科技数码,,包邮,
NOLO Sonic VR游戏一体机私人影院头戴显示器体感4k3d家用可以玩游戏虚拟现实steam设备,眼镜,智能,眼镜,高通,1697,0.03,券后价,本月行业热销,陕西,西安,满1500减150,官方立减12%,nolo旗舰店,,6期,7年老店
Rokid乐奇蓝牙耳机200W高清像素拍照视频听音乐接打电话,智能,眼镜,,多边形,3228,0.1,,0人收货,浙江,杭州,退货宝,包邮,乐奇旗官,,公益宝贝,
【顺丰速发】INMO GO2 AR翻译 实时双语字幕同声翻译 提,智能,眼镜,,,6513,0.7,,0人收货,广东,梅州,包邮,,慕青直工厂店,,,
iTour亲爱的翻译官AR翻译 实时对话同声多国语言 字,智能,眼镜,眼镜,,9313,,,0人收货,江苏,宿迁,包邮,,无人机配件精品店,,,
小米AI骨传导拍摄超级小爱开放式音频长续航变色,眼镜,眼镜,智能,,2049,,券后价,0人收货,广东,东莞,店铺满9减8,,小米米家品牌直供,眼镜,,回头客1千
XREAL One 全新AR 3DoF悬停 AI非翻译  同vision pro,智能,眼镜,眼镜,,2800,,,0人收货,江苏,宿迁,包邮,,无人机配件精品店,,,
PICO Neo3 VR一体机vrvr体感游戏机43D串流Steam,眼镜,智能,眼镜,高通,2999,,,0人收货,山东,青岛,包邮,,PICO 自营店,,,
全新VR一体机Pico4 8+128 8+256 虚拟现实,眼镜,智能,眼镜,,2499,,,0人收货,湖北,武汉,包邮,,白洞VR,,,11年老店
Rokid乐奇 N1 VR私人影院手机专用ar头戴显示器眼睛3d眼,眼镜,智能,,不支持智能,330,0.6,,0人收货,陕西,西安,退货宝,包邮,Rokidmax旗官,,公益宝贝,
全新PicoNeo3VR一体机piconeo3vr体感游戏机4K头盔虚拟VR,智能,眼镜,,,2643,0.68,,0人收货,广西,柳州,包邮,,易迅科技数码店,,,
Pico4 VR4K VR一体机年度重磅爆款vr3D虚拟现实,智能,眼镜,眼镜,高通,2680,,,0人收货,安徽,合肥,退货宝,包邮,水与月智能生活,,,
鸿顺达定制款VR充电柜 液晶显示屏VR头盔存储充电柜 USB,眼镜,智能,,高通,7500,,,0人收货,广东,深圳,包邮,,深圳市鸿顺达设备工厂,,,8年老店
【重磅新品】VITURE Pro 旗舰级XR/AR串流套装畅玩3A大作,智能,眼镜,,,3429,0.03,券后价,0人收货,北京,,官方立减12%,淘金币已抵1.97元,萌宝VR智能穿戴,,退货宝,
成都现货PICO 4 VR一体机VR 8+256G年度旗舰新机vr体感游戏机,眼镜,,,高通,2399,,,0人收货,四川,成都,包邮,,海信音视频记录仪,,,
